bodyparts,ul,ul,ul,br,br,br
coords,x,y,likelihood,x,y,likelihood
0,0,0,0,0,0,0
1,0,0,0,0,0,0
2,0,0,0,0,0,0
3,0,0,0,0,0,0
4,0,0,0,0,0,0
5,0,0,0,0,0,0
6,0,0,0,0,0,0
7,0,0,0,0,0,0
8,0,0,0,0,0,0
9,0,0,0,0,0,0
10,0,0,0,0,0,0
11,0,0,0,0,0,0
12,0,0,0,0,0,0
13,0,0,0,0,0,0
14,0,0,0,0,0,0
15,0,0,0,0,0,0
16,0,0,0,0,0,0
17,0,0,0,0,0,0
18,0,0,0,0,0,0
19,0,0,0,0,0,0
20,0,0,0,0,0,0
21,0,0,0,0,0,0
22,0,0,0,0,0,0
23,0,0,0,0,0,0
24,0,0,0,0,0,0
25,0,0,0,0,0,0
26,0,0,0,0,0,0
27,0,0,0,0,0,0
28,0,0,0,0,0,0
29,0,0,0,0,0,0
30,0,0,0,0,0,0
31,0,0,0,0,0,0
32,0,0,0,0,0,0
33,0,0,0,0,0,0
34,0,0,0,0,0,0
35,0,0,0,0,0,0
36,0,0,0,0,0,0
37,0,0,0,0,0,0
38,0,0,0,0,0,0
39,0,0,0,0,0,0
40,0,0,0,0,0,0
41,0,0,0,0,0,0
42,0,0,0,0,0,0
43,0,0,0,0,0,0
44,0,0,0,0,0,0
45,0,0,0,0,0,0
46,0,0,0,0,0,0
47,0,0,0,0,0,0
48,0,0,0,0,0,0
49,100,636,0,290,854,1
50,0,0,0,0,0,0
51,0,0,0,0,0,0
52,0,0,0,0,0,0
53,0,0,0,0,0,0
54,0,0,0,0,0,0
55,180,725,0,358,861,1
56,164,723,0,357,860,1
57,164,723,0,357,860,1
58,165,725,0,357,860,1
59,165,727,0,357,860,1
60,178,731,0,373,860,1
61,185,733,0,386,860,1
62,190,733,0,395,860,1
63,194,734,0,402,861,1
64,195,735,0,407,863,1
65,196,735,0,408,864,1
66,198,736,0,410,864,1
67,231,756,0,417,864,1
68,240,759,0,419,864,1
69,242,763,0,424,864,1
70,243,763,0,424,864,1
71,254,767,0,429,864,1
72,261,770,0,438,864,1
73,277,772,0,454,863,1
74,288,773,0,465,863,1
75,291,773,0,467,863,1
76,293,773,0,475,862,1
77,298,769,0,478,862,1
78,307,763,0,486,862,1
79,316,763,0,500,862,1
80,321,763,0,500,862,1
81,322,756,0,500,862,1
82,323,756,0,503,862,0
83,353,752,0,515,862,0
84,362,752,0,561,863,1
85,373,751,0,561,863,1
86,374,751,0,561,863,1
87,379,749,0,564,862,1
88,387,730,0,581,860,1
89,390,728,0,612,860,1
90,399,727,0,621,860,1
91,405,724,0,628,861,1
92,410,724,0,630,862,1
93,427,727,0,643,863,1
94,468,755,0,656,864,1
95,482,755,0,659,864,1
96,485,755,0,673,864,1
97,490,755,0,675,864,1
98,500,749,0,689,863,1
99,516,739,0,703,862,1
100,518,735,0,721,862,1
101,528,735,0,740,862,1
102,533,735,0,752,861,1
103,541,735,0,764,861,1
104,562,735,0,783,860,1
105,575,731,0,811,854,1
106,583,727,0,819,854,1
107,588,724,0,819,854,1
108,589,724,0,820,854,1
109,595,718,0,830,854,1
110,626,702,0,884,854,1
111,631,700,0,889,855,1
112,639,700,0,889,857,1
113,647,700,0,891,857,1
114,653,700,0,891,857,1
115,689,700,0,893,858,1
116,697,697,0,901,861,1
117,705,693,0,901,858,1
118,714,690,0,936,860,1
119,715,688,0,940,860,1
120,726,676,0,948,852,1
121,755,657,0,1000,843,1
122,762,656,0,1003,843,1
123,769,656,0,1006,843,1
124,800,656,0,1010,843,1
125,814,657,0,1011,845,1
126,830,657,0,1013,845,1
127,844,657,0,1016,845,1
128,844,639,0,1011,836,1
129,844,636,0,1011,835,1
130,0,0,0,0,0,0
131,0,0,0,0,0,0
132,0,0,0,0,0,0
133,0,0,0,0,0,0
134,0,0,0,0,0,0
135,0,0,0,0,0,0
136,0,0,0,0,0,0
137,0,0,0,0,0,0
138,0,0,0,0,0,0
139,0,0,0,0,0,0
140,0,0,0,0,0,0
141,0,0,0,0,0,0
142,0,0,0,0,0,0
143,0,0,0,0,0,0
144,0,0,0,0,0,0
145,0,0,0,0,0,0
146,0,0,0,0,0,0
147,0,0,0,0,0,0
148,0,0,0,0,0,0
149,0,0,0,0,0,0
150,0,0,0,0,0,0
151,0,0,0,0,0,0
152,0,0,0,0,0,0
153,0,0,0,0,0,0
154,0,0,0,0,0,0
155,0,0,0,0,0,0
156,0,0,0,0,0,0
157,0,0,0,0,0,0
158,0,0,0,0,0,0
159,0,0,0,0,0,0
160,0,0,0,0,0,0
161,0,0,0,0,0,0
162,0,0,0,0,0,0
163,0,0,0,0,0,0
164,0,0,0,0,0,0
165,0,0,0,0,0,0
166,0,0,0,0,0,0
167,0,0,0,0,0,0
168,0,0,0,0,0,0
169,0,0,0,0,0,0
170,0,0,0,0,0,0
171,0,0,0,0,0,0
172,0,0,0,0,0,0
173,0,0,0,0,0,0
174,0,0,0,0,0,0
175,0,0,0,0,0,0
176,0,0,0,0,0,0
177,0,0,0,0,0,0
178,0,0,0,0,0,0
179,0,0,0,0,0,0
180,0,0,0,0,0,0
181,0,0,0,0,0,0
182,0,0,0,0,0,0
183,0,0,0,0,0,0
184,0,0,0,0,0,0
185,0,0,0,0,0,0
186,0,0,0,0,0,0
187,0,0,0,0,0,0
188,0,0,0,0,0,0
189,0,0,0,0,0,0
190,0,0,0,0,0,0
191,0,0,0,0,0,0
192,0,0,0,0,0,0
193,0,0,0,0,0,0
194,0,0,0,0,0,0
195,0,0,0,0,0,0
196,0,0,0,0,0,0
197,0,0,0,0,0,0
198,0,0,0,0,0,0
199,0,0,0,0,0,0
200,0,0,0,0,0,0
201,0,0,0,0,0,0
202,0,0,0,0,0,0
203,0,0,0,0,0,0
204,0,0,0,0,0,0
205,0,0,0,0,0,0
206,0,0,0,0,0,0
207,0,0,0,0,0,0
208,0,0,0,0,0,0
209,0,0,0,0,0,0
210,0,0,0,0,0,0
211,0,0,0,0,0,0
212,0,0,0,0,0,0
213,0,0,0,0,0,0
214,0,0,0,0,0,0
215,0,0,0,0,0,0
216,0,0,0,0,0,0
217,0,0,0,0,0,0
218,0,0,0,0,0,0
219,0,0,0,0,0,0
220,0,0,0,0,0,0
221,0,0,0,0,0,0
222,0,0,0,0,0,0
223,0,0,0,0,0,0
224,0,0,0,0,0,0
225,0,0,0,0,0,0
226,0,0,0,0,0,0
227,0,0,0,0,0,0
228,0,0,0,0,0,0
229,0,0,0,0,0,0
230,0,0,0,0,0,0
231,0,0,0,0,0,0
232,0,0,0,0,0,0
233,0,0,0,0,0,0
234,0,0,0,0,0,0
235,0,0,0,0,0,0
236,0,0,0,0,0,0
237,0,0,0,0,0,0
238,0,0,0,0,0,0
239,0,0,0,0,0,0
240,0,0,0,0,0,0
241,0,0,0,0,0,0
242,0,0,0,0,0,0
243,0,0,0,0,0,0
244,0,0,0,0,0,0
245,0,0,0,0,0,0
246,0,0,0,0,0,0
247,0,0,0,0,0,0
248,0,0,0,0,0,0
249,0,0,0,0,0,0
250,0,0,0,0,0,0
251,0,0,0,0,0,0
252,0,0,0,0,0,0
253,0,0,0,0,0,0
254,0,0,0,0,0,0
255,0,0,0,0,0,0
256,0,0,0,0,0,0
257,0,0,0,0,0,0
258,0,0,0,0,0,0
259,0,0,0,0,0,0
260,0,0,0,0,0,0
261,0,0,0,0,0,0
262,0,0,0,0,0,0
263,0,0,0,0,0,0
264,0,0,0,0,0,0
265,0,0,0,0,0,0
266,0,0,0,0,0,0
267,0,0,0,0,0,0
268,0,0,0,0,0,0
269,0,0,0,0,0,0
270,0,0,0,0,0,0
271,0,0,0,0,0,0
272,0,0,0,0,0,0
273,0,0,0,0,0,0
274,0,0,0,0,0,0
275,0,0,0,0,0,0
276,0,0,0,0,0,0
277,0,0,0,0,0,0
278,0,0,0,0,0,0
279,0,0,0,0,0,0
280,0,0,0,0,0,0
281,0,0,0,0,0,0
282,0,0,0,0,0,0
283,0,0,0,0,0,0
284,0,0,0,0,0,0
285,0,0,0,0,0,0
286,0,0,0,0,0,0
287,0,0,0,0,0,0
288,0,0,0,0,0,0
289,0,0,0,0,0,0
290,0,0,0,0,0,0
291,0,0,0,0,0,0
292,0,0,0,0,0,0
293,0,0,0,0,0,0
294,0,0,0,0,0,0
295,0,0,0,0,0,0
296,0,0,0,0,0,0
297,0,0,0,0,0,0
298,0,0,0,0,0,0
299,0,0,0,0,0,0
300,0,0,0,0,0,0
301,0,0,0,0,0,0
302,0,0,0,0,0,0
303,0,0,0,0,0,0
304,0,0,0,0,0,0
305,0,0,0,0,0,0
306,0,0,0,0,0,0
307,0,0,0,0,0,0
308,0,0,0,0,0,0
309,0,0,0,0,0,0
310,0,0,0,0,0,0
311,0,0,0,0,0,0
312,0,0,0,0,0,0
313,0,0,0,0,0,0
314,0,0,0,0,0,0
315,0,0,0,0,0,0
316,0,0,0,0,0,0
317,0,0,0,0,0,0
318,0,0,0,0,0,0
319,0,0,0,0,0,0
320,0,0,0,0,0,0
321,0,0,0,0,0,0
322,0,0,0,0,0,0
323,0,0,0,0,0,0
324,0,0,0,0,0,0
325,0,0,0,0,0,0
326,0,0,0,0,0,0
327,0,0,0,0,0,0
328,0,0,0,0,0,0
329,0,0,0,0,0,0
330,0,0,0,0,0,0
331,0,0,0,0,0,0
332,0,0,0,0,0,0
333,0,0,0,0,0,0
334,0,0,0,0,0,0
335,0,0,0,0,0,0
336,0,0,0,0,0,0
337,0,0,0,0,0,0
338,0,0,0,0,0,0
339,0,0,0,0,0,0
340,0,0,0,0,0,0
341,0,0,0,0,0,0
342,0,0,0,0,0,0
343,0,0,0,0,0,0
344,0,0,0,0,0,0
345,0,0,0,0,0,0
346,0,0,0,0,0,0
347,0,0,0,0,0,0
348,0,0,0,0,0,0
349,0,0,0,0,0,0
350,0,0,0,0,0,0
351,0,0,0,0,0,0
352,0,0,0,0,0,0
353,0,0,0,0,0,0
354,0,0,0,0,0,0
355,0,0,0,0,0,0
356,0,0,0,0,0,0
357,0,0,0,0,0,0
358,0,0,0,0,0,0
359,0,0,0,0,0,0
360,0,0,0,0,0,0
361,0,0,0,0,0,0
362,0,0,0,0,0,0
363,0,0,0,0,0,0
364,0,0,0,0,0,0
365,0,0,0,0,0,0
366,0,0,0,0,0,0
367,0,0,0,0,0,0
368,0,0,0,0,0,0
369,0,0,0,0,0,0
370,0,0,0,0,0,0
371,0,0,0,0,0,0
372,0,0,0,0,0,0
373,0,0,0,0,0,0
374,0,0,0,0,0,0
375,0,0,0,0,0,0
376,0,0,0,0,0,0
377,0,0,0,0,0,0
378,0,0,0,0,0,0
379,0,0,0,0,0,0
380,0,0,0,0,0,0
381,0,0,0,0,0,0
382,0,0,0,0,0,0
383,0,0,0,0,0,0
384,0,0,0,0,0,0
385,0,0,0,0,0,0
386,0,0,0,0,0,0
387,0,0,0,0,0,0
388,0,0,0,0,0,0
389,0,0,0,0,0,0
390,0,0,0,0,0,0
391,0,0,0,0,0,0
392,0,0,0,0,0,0
393,0,0,0,0,0,0
394,0,0,0,0,0,0
395,0,0,0,0,0,0
396,0,0,0,0,0,0
397,0,0,0,0,0,0
398,0,0,0,0,0,0
399,0,0,0,0,0,0
400,0,0,0,0,0,0
401,0,0,0,0,0,0
402,0,0,0,0,0,0
403,0,0,0,0,0,0
404,0,0,0,0,0,0
405,0,0,0,0,0,0
406,0,0,0,0,0,0
407,0,0,0,0,0,0
408,0,0,0,0,0,0
409,0,0,0,0,0,0
410,0,0,0,0,0,0
411,0,0,0,0,0,0
412,0,0,0,0,0,0
413,0,0,0,0,0,0
414,0,0,0,0,0,0
415,0,0,0,0,0,0
416,0,0,0,0,0,0
417,0,0,0,0,0,0
418,0,0,0,0,0,0
419,0,0,0,0,0,0
420,0,0,0,0,0,0
421,0,0,0,0,0,0
422,0,0,0,0,0,0
423,0,0,0,0,0,0
424,0,0,0,0,0,0
425,0,0,0,0,0,0
426,0,0,0,0,0,0
427,0,0,0,0,0,0
428,0,0,0,0,0,0
429,0,0,0,0,0,0
430,0,0,0,0,0,0
431,0,0,0,0,0,0
432,0,0,0,0,0,0
433,0,0,0,0,0,0
434,0,0,0,0,0,0
435,0,0,0,0,0,0
436,0,0,0,0,0,0
437,0,0,0,0,0,0
438,0,0,0,0,0,0
439,0,0,0,0,0,0
440,0,0,0,0,0,0
441,0,0,0,0,0,0
442,0,0,0,0,0,0
443,0,0,0,0,0,0
444,0,0,0,0,0,0
445,0,0,0,0,0,0
446,0,0,0,0,0,0
447,0,0,0,0,0,0
448,0,0,0,0,0,0
449,0,0,0,0,0,0
450,0,0,0,0,0,0
451,0,0,0,0,0,0
452,0,0,0,0,0,0
453,0,0,0,0,0,0
454,0,0,0,0,0,0
455,0,0,0,0,0,0
456,0,0,0,0,0,0
457,0,0,0,0,0,0
458,0,0,0,0,0,0
459,0,0,0,0,0,0
460,0,0,0,0,0,0
461,0,0,0,0,0,0
462,0,0,0,0,0,0
463,0,0,0,0,0,0
464,0,0,0,0,0,0
465,0,0,0,0,0,0
466,0,0,0,0,0,0
467,0,0,0,0,0,0
468,0,0,0,0,0,0
469,0,0,0,0,0,0
470,0,0,0,0,0,0
471,0,0,0,0,0,0
472,0,0,0,0,0,0
473,0,0,0,0,0,0
474,0,0,0,0,0,0
475,0,0,0,0,0,0
476,0,0,0,0,0,0
477,0,0,0,0,0,0
478,0,0,0,0,0,0
479,0,0,0,0,0,0
480,0,0,0,0,0,0
481,0,0,0,0,0,0
482,0,0,0,0,0,0
483,0,0,0,0,0,0
484,0,0,0,0,0,0
485,0,0,0,0,0,0
486,0,0,0,0,0,0
487,0,0,0,0,0,0
488,0,0,0,0,0,0
489,0,0,0,0,0,0
490,0,0,0,0,0,0
491,0,0,0,0,0,0
492,0,0,0,0,0,0
493,0,0,0,0,0,0
494,0,0,0,0,0,0
495,0,0,0,0,0,0
496,0,0,0,0,0,0
497,0,0,0,0,0,0
498,0,0,0,0,0,0
499,0,0,0,0,0,0
500,0,0,0,0,0,0
501,0,0,0,0,0,0
502,0,0,0,0,0,0
503,0,0,0,0,0,0
504,0,0,0,0,0,0
505,0,0,0,0,0,0
506,0,0,0,0,0,0
507,0,0,0,0,0,0
508,0,0,0,0,0,0
509,0,0,0,0,0,0
510,0,0,0,0,0,0
511,0,0,0,0,0,0
512,0,0,0,0,0,0
513,0,0,0,0,0,0
514,0,0,0,0,0,0
515,0,0,0,0,0,0
516,0,0,0,0,0,0
517,0,0,0,0,0,0
518,0,0,0,0,0,0
519,0,0,0,0,0,0
520,0,0,0,0,0,0
521,0,0,0,0,0,0
522,0,0,0,0,0,0
523,0,0,0,0,0,0
524,0,0,0,0,0,0
525,0,0,0,0,0,0
526,0,0,0,0,0,0
527,0,0,0,0,0,0
528,0,0,0,0,0,0
529,0,0,0,0,0,0
530,0,0,0,0,0,0
531,0,0,0,0,0,0
532,0,0,0,0,0,0
533,0,0,0,0,0,0
534,0,0,0,0,0,0
535,0,0,0,0,0,0
536,0,0,0,0,0,0
537,0,0,0,0,0,0
538,0,0,0,0,0,0
539,0,0,0,0,0,0
540,0,0,0,0,0,0
541,0,0,0,0,0,0
542,0,0,0,0,0,0
543,0,0,0,0,0,0
544,0,0,0,0,0,0
545,0,0,0,0,0,0
546,0,0,0,0,0,0
547,0,0,0,0,0,0
548,0,0,0,0,0,0
549,0,0,0,0,0,0
550,0,0,0,0,0,0
551,0,0,0,0,0,0
552,0,0,0,0,0,0
553,0,0,0,0,0,0
554,0,0,0,0,0,0
555,0,0,0,0,0,0
556,0,0,0,0,0,0
557,0,0,0,0,0,0
558,0,0,0,0,0,0
559,0,0,0,0,0,0
560,0,0,0,0,0,0
561,0,0,0,0,0,0
562,0,0,0,0,0,0
563,0,0,0,0,0,0
564,0,0,0,0,0,0
565,0,0,0,0,0,0
566,0,0,0,0,0,0
567,0,0,0,0,0,0
568,0,0,0,0,0,0
569,0,0,0,0,0,0
570,0,0,0,0,0,0
571,0,0,0,0,0,0
572,0,0,0,0,0,0
573,0,0,0,0,0,0
574,0,0,0,0,0,0
575,0,0,0,0,0,0
576,0,0,0,0,0,0
577,0,0,0,0,0,0
578,0,0,0,0,0,0
579,0,0,0,0,0,0
580,0,0,0,0,0,0
581,0,0,0,0,0,0
582,0,0,0,0,0,0
583,0,0,0,0,0,0
584,0,0,0,0,0,0
585,0,0,0,0,0,0
586,0,0,0,0,0,0
587,0,0,0,0,0,0
588,0,0,0,0,0,0
589,0,0,0,0,0,0
590,0,0,0,0,0,0
591,0,0,0,0,0,0
592,0,0,0,0,0,0
593,0,0,0,0,0,0
594,0,0,0,0,0,0
595,0,0,0,0,0,0
596,0,0,0,0,0,0
597,0,0,0,0,0,0
598,0,0,0,0,0,0
599,0,0,0,0,0,0
600,0,0,0,0,0,0
601,0,0,0,0,0,0
602,0,0,0,0,0,0
603,0,0,0,0,0,0
604,0,0,0,0,0,0
605,0,0,0,0,0,0
606,0,0,0,0,0,0
607,0,0,0,0,0,0
608,0,0,0,0,0,0
609,0,0,0,0,0,0
610,0,0,0,0,0,0
611,0,0,0,0,0,0
612,0,0,0,0,0,0
613,0,0,0,0,0,0
614,0,0,0,0,0,0
615,0,0,0,0,0,0
616,0,0,0,0,0,0
617,0,0,0,0,0,0
618,0,0,0,0,0,0
619,0,0,0,0,0,0
620,0,0,0,0,0,0
621,0,0,0,0,0,0
622,0,0,0,0,0,0
623,0,0,0,0,0,0
624,0,0,0,0,0,0
625,0,0,0,0,0,0
626,0,0,0,0,0,0
627,0,0,0,0,0,0
628,0,0,0,0,0,0
629,0,0,0,0,0,0
630,0,0,0,0,0,0
631,0,0,0,0,0,0
632,0,0,0,0,0,0
633,0,0,0,0,0,0
634,0,0,0,0,0,0
635,0,0,0,0,0,0
636,0,0,0,0,0,0
637,0,0,0,0,0,0
638,0,0,0,0,0,0
639,0,0,0,0,0,0
640,0,0,0,0,0,0
641,0,0,0,0,0,0
642,0,0,0,0,0,0
643,0,0,0,0,0,0
644,0,0,0,0,0,0
645,0,0,0,0,0,0
646,0,0,0,0,0,0
647,0,0,0,0,0,0
648,0,0,0,0,0,0
649,0,0,0,0,0,0
650,0,0,0,0,0,0
651,0,0,0,0,0,0
652,0,0,0,0,0,0
653,0,0,0,0,0,0
654,0,0,0,0,0,0
655,0,0,0,0,0,0
656,0,0,0,0,0,0
657,0,0,0,0,0,0
658,0,0,0,0,0,0
659,0,0,0,0,0,0
660,0,0,0,0,0,0
661,0,0,0,0,0,0
662,0,0,0,0,0,0
663,0,0,0,0,0,0
664,0,0,0,0,0,0
665,0,0,0,0,0,0
666,0,0,0,0,0,0
667,0,0,0,0,0,0
668,0,0,0,0,0,0
669,0,0,0,0,0,0
670,0,0,0,0,0,0
671,0,0,0,0,0,0
672,0,0,0,0,0,0
673,0,0,0,0,0,0
674,0,0,0,0,0,0
675,0,0,0,0,0,0
676,0,0,0,0,0,0
677,0,0,0,0,0,0
678,0,0,0,0,0,0
679,0,0,0,0,0,0
680,0,0,0,0,0,0
681,0,0,0,0,0,0
682,0,0,0,0,0,0
683,0,0,0,0,0,0
684,0,0,0,0,0,0
685,0,0,0,0,0,0
686,0,0,0,0,0,0
687,0,0,0,0,0,0
688,0,0,0,0,0,0
689,0,0,0,0,0,0
690,0,0,0,0,0,0
691,0,0,0,0,0,0
692,0,0,0,0,0,0
693,0,0,0,0,0,0
694,0,0,0,0,0,0
695,0,0,0,0,0,0
696,0,0,0,0,0,0
697,0,0,0,0,0,0
698,0,0,0,0,0,0
699,0,0,0,0,0,0
700,0,0,0,0,0,0
